{"VG/zQo9e1C0cm+jXgSljzg==":"background3.jpg","NcoQTQTwf2TIUrz0hoPOuQ==":"mbr-1080x750.jpg","Dxxrg07IWx+P21LehdQRbA==":"mbr-1080x648.jpg","fthd7wRcQZmppriF/KHOSg==":"tgls2018-logos-others-90x83.png","XfRKeE36PHq55AeqA2Zglg==":"background2.jpg","d+YgufRzxhhdDPtsGLDHDw==":"mbr-1920x1280.jpg","cqPONIsbX8jUpqSkAjR+Sw==":"mbr-1920x1255.jpg","Ej4L3QWsIo7PXNKMZa+EQQ==":"background1.jpg","D2hBVYd34Fgzk4/A8QTXLg==":"20-600x574.png","VipZpa/5yURI6SlmIxD4/A==":"1_0uyhglyfz8zlzayfltsh4a-1600x902.jpg","LLATK16yrqPHZcWwpt6Qkg==":"1_0uyhglyfz8zlzayfltsh4a-1600x550.jpg"}